AUTH_TOKEN,USERNAME,ISSUED,EXPIRES,LAST_ACCESS
88AD43FE-58FA-12E8-41C1-72F0E20D9F1F,lobortis@diam.com,2014-08-19 00:00:00,2014-08-20 00:00:00,2014-08-19 00:00:00
7C19E898-B6BF-0930-CE48-1BB75980FADE,massa.Suspendisse@rutrumjustoPraesent.com,2014-08-19 00:00:00,2014-08-20 00:00:00,2014-08-19 00:00:00
F5318E65-3192-6E90-CAF2-AC685DE3DC26,imperdiet.dictum@Inmipede.co.uk,2014-08-19 00:00:00,2014-08-20 00:00:00,2014-08-19 00:00:00
5844AB2C-FD0A-C0E7-45D4-673DA7FD8113,eu.tellus@non.co.uk,2014-08-19 00:00:00,2014-08-20 00:00:00,2014-08-19 00:00:00
3B6115B3-0494-1341-E256-F886902DC4CF,urna@ridiculusmusProin.com,2014-08-19 00:00:00,2014-08-20 00:00:00,2014-08-19 00:00:00
DBEE17B6-E153-E5F3-9FF0-13355A7ED9F4,accumsan.sed.facilisis@eratvel.edu,2014-08-19 00:00:00,2014-08-20 00:00:00,2014-08-19 00:00:00
203624D1-61DC-C3F4-B3F3-010A241CDFA6,arcu@ipsumportaelit.edu,2014-08-19 00:00:00,2014-08-20 00:00:00,2014-08-19 00:00:00
DBA492B9-5E3F-90B2-EC62-9AB7FE859CBF,ut.lacus.Nulla@sociosquad.com,2014-08-19 00:00:00,2014-08-20 00:00:00,2014-08-19 00:00:00
A9198E88-D8D2-D29D-579C-0577FD0A109C,id.mollis@elementumdui.co.uk,2014-08-19 00:00:00,2014-08-20 00:00:00,2014-08-19 00:00:00
321D37B0-3D59-FB46-E027-476910EB7AE6,mattis@Nullaeu.com,2014-08-19 00:00:00,2014-08-20 00:00:00,2014-08-19 00:00:00
BF4116BE-73C6-1C62-678F-FB5FA7864F40,non.vestibulum.nec@lobortisnisinibh.ca,2014-08-19 00:00:00,2014-08-20 00:00:00,2014-08-19 00:00:00
AAAA55B5-C5E9-37D9-C854-9528D3721C54,quam.quis.diam@Cum.com,2014-08-19 00:00:00,2014-08-20 00:00:00,2014-08-19 00:00:00
4A0CAAA4-7736-6AE0-26C5-A2294E9C0FAF,nisi@mattisornarelectus.net,2014-08-19 00:00:00,2014-08-20 00:00:00,2014-08-19 00:00:00
A7B9D22B-8D4C-9835-BB81-372FDE3DFAEF,sed.pede.nec@orciUt.com,2014-08-19 00:00:00,2014-08-20 00:00:00,2014-08-19 00:00:00
6385F915-7162-CE0E-CE83-04E0C124CBC0,non.enim.commodo@elit.ca,2014-08-19 00:00:00,2014-08-20 00:00:00,2014-08-19 00:00:00
F0E641F1-6756-77FC-9907-64FE722C76CA,at.augue@Donec.ca,2014-08-19 00:00:00,2014-08-20 00:00:00,2014-08-19 00:00:00
7B2A3EE8-ED16-935E-459D-7C044FB400AE,luctus@Phasellusvitaemauris.edu,2014-08-19 00:00:00,2014-08-20 00:00:00,2014-08-19 00:00:00
00FE8D98-D198-4AC6-382D-0FAF9DE9E778,vel@sed.net,2014-08-19 00:00:00,2014-08-20 00:00:00,2014-08-19 00:00:00
DADC7D28-A95C-5131-5F1C-CA167246B7B5,enim@necmetus.net,2014-08-19 00:00:00,2014-08-20 00:00:00,2014-08-19 00:00:00
89099503-6115-AF55-9A5F-F647A4F8A8A2,libero.lacus@facilisislorem.net,2014-08-19 00:00:00,2014-08-20 00:00:00,2014-08-19 00:00:00
7EF502A9-7FBA-2BC1-27A4-BCB19FCD0E45,Duis@auctor.net,2014-08-19 00:00:00,2014-08-20 00:00:00,2014-08-19 00:00:00
D560F5CB-9E9E-33DD-8AAC-9C2BFD423A8E,neque.Nullam.ut@Quisqueornaretortor.com,2014-08-19 00:00:00,2014-08-20 00:00:00,2014-08-19 00:00:00
0134345F-B8F2-660B-E1BC-3D970795BFB7,ipsum.Suspendisse.non@in.ca,2014-08-19 00:00:00,2014-08-20 00:00:00,2014-08-19 00:00:00
E30B8621-11FF-7083-995C-BD35278FD48B,rutrum.lorem@Crasconvallisconvallis.com,2014-08-19 00:00:00,2014-08-20 00:00:00,2014-08-19 00:00:00
0F340273-DAD7-1F70-56B9-5277BC0E406F,nunc.sed@Cum.org,2014-08-19 00:00:00,2014-08-20 00:00:00,2014-08-19 00:00:00
43867075-F3AC-5288-ADC6-DB05CF0291B7,ac.risus.Morbi@arcuSed.edu,2014-08-19 00:00:00,2014-08-20 00:00:00,2014-08-19 00:00:00
C13DF91A-867C-F553-0340-DF5671B329A6,aliquet.lobortis@sedhendrerit.net,2014-08-19 00:00:00,2014-08-20 00:00:00,2014-08-19 00:00:00
76E0FC49-123D-B61D-FDE7-6C2E89083A94,magna.Cras@inceptoshymenaeos.com,2014-08-19 00:00:00,2014-08-20 00:00:00,2014-08-19 00:00:00
2DF44881-D327-111D-2EE6-39E91666EB9C,amet.risus@sapienNunc.ca,2014-08-19 00:00:00,2014-08-20 00:00:00,2014-08-19 00:00:00
28E2A9B6-37A2-0FA5-232C-C15BB0110941,aliquam.eros@pellentesque.ca,2014-08-19 00:00:00,2014-08-20 00:00:00,2014-08-19 00:00:00
26180B63-3D41-06EF-B35F-A49B8CCD3B59,tempor.est.ac@aliquetmolestietellus.com,2014-08-19 00:00:00,2014-08-20 00:00:00,2014-08-19 00:00:00
CEE83C73-0E9E-9184-C51A-C1788EA4FC5D,malesuada@sit.ca,2014-08-19 00:00:00,2014-08-20 00:00:00,2014-08-19 00:00:00
80710A04-0CF3-1C07-83A4-EDA4ED671C16,magnis.dis.parturient@laciniaorci.ca,2014-08-19 00:00:00,2014-08-20 00:00:00,2014-08-19 00:00:00
D1C9DF9E-AB36-C8B0-7A9D-51E2E080E4DA,egestas.a@nasceturridiculus.net,2014-08-19 00:00:00,2014-08-20 00:00:00,2014-08-19 00:00:00
D425C1C0-BC7C-78BC-8D36-4D6D428367B4,magna.Cras@aliquet.co.uk,2014-08-19 00:00:00,2014-08-20 00:00:00,2014-08-19 00:00:00
6BBC72B7-1D6C-7000-D442-BA686A8ACEB5,tempor.est.ac@Aliquamvulputateullamcorper.co.uk,2014-08-19 00:00:00,2014-08-20 00:00:00,2014-08-19 00:00:00
AD129659-D283-17C7-AB28-0F1385F72FE8,sociis.natoque.penatibus@maurisSuspendisse.co.uk,2014-08-19 00:00:00,2014-08-20 00:00:00,2014-08-19 00:00:00
FEE10A26-7504-301C-717D-D3A4B2ADD67D,velit@dapibusgravida.org,2014-08-19 00:00:00,2014-08-20 00:00:00,2014-08-19 00:00:00
5AE11E9E-085C-76A7-593A-7E5AB0A30C8F,egestas.ligula.Nullam@sedhendrerita.edu,2014-08-19 00:00:00,2014-08-20 00:00:00,2014-08-19 00:00:00
A255F97A-EA71-7BBE-170B-EFDBB14BD1FA,Vestibulum.ante@Curabitur.org,2014-08-19 00:00:00,2014-08-20 00:00:00,2014-08-19 00:00:00
E552812E-6914-42D4-614D-F29959811D18,malesuada.fames.ac@nunc.co.uk,2014-08-19 00:00:00,2014-08-20 00:00:00,2014-08-19 00:00:00
EF9F70A7-40CC-59D7-6D3E-563DE4081C52,parturient.montes@felispurusac.com,2014-08-19 00:00:00,2014-08-20 00:00:00,2014-08-19 00:00:00
E641F471-3165-1E9E-2AD9-F8005AAC9B10,lectus@eleifend.co.uk,2014-08-19 00:00:00,2014-08-20 00:00:00,2014-08-19 00:00:00
F301D007-B0FB-0355-89C6-42FCBA7B632C,montes.nascetur.ridiculus@interdum.co.uk,2014-08-19 00:00:00,2014-08-20 00:00:00,2014-08-19 00:00:00
D0FC2009-7B9C-3C96-584E-3E8D3B2272FF,egestas.ligula@tristiqueac.edu,2014-08-19 00:00:00,2014-08-20 00:00:00,2014-08-19 00:00:00
6BD1CB3C-D290-5D3F-142D-8B74AF1BCD98,iaculis@ligulaeu.edu,2014-08-19 00:00:00,2014-08-20 00:00:00,2014-08-19 00:00:00
9462C24C-335B-19B8-6E2F-441A9CE5B7EF,est@pedeetrisus.co.uk,2014-08-19 00:00:00,2014-08-20 00:00:00,2014-08-19 00:00:00
C17C61FF-6960-8B54-D8F0-D4E6D8F10B56,est.Nunc.ullamcorper@etrutrum.co.uk,2014-08-19 00:00:00,2014-08-20 00:00:00,2014-08-19 00:00:00
82F74F96-8DC4-0E1E-B5AA-20F06B62D7B2,natoque.penatibus@nuncestmollis.org,2014-08-19 00:00:00,2014-08-20 00:00:00,2014-08-19 00:00:00
2F403917-A64E-1142-76EA-B98DEAB6C134,vel.lectus.Cum@semperrutrumFusce.co.uk,2014-08-19 00:00:00,2014-08-20 00:00:00,2014-08-19 00:00:00
8D2207AD-379D-E037-03F9-107CEEB21347,semper.dui@ipsumprimis.com,2014-08-19 00:00:00,2014-08-20 00:00:00,2014-08-19 00:00:00
BEF86FF1-D939-7FA4-7DAB-FC5CA9AF251E,magna.tellus.faucibus@conubianostraper.ca,2014-08-19 00:00:00,2014-08-20 00:00:00,2014-08-19 00:00:00
C788A753-248A-864D-3887-BA13C84B8E68,tempor.erat.neque@risus.org,2014-08-19 00:00:00,2014-08-20 00:00:00,2014-08-19 00:00:00
BDD51A10-A8E4-2DA5-6F31-EE8B36ACF40F,ornare.lectus.ante@ligula.co.uk,2014-08-19 00:00:00,2014-08-20 00:00:00,2014-08-19 00:00:00
E5C728FB-2A25-2B8F-A0A7-38A6B6B3BFD6,in.molestie@mollisIntegertincidunt.edu,2014-08-19 00:00:00,2014-08-20 00:00:00,2014-08-19 00:00:00
E94448EB-DA19-B7A5-8D70-BEC12AB3464A,non.hendrerit@egetlacus.co.uk,2014-08-19 00:00:00,2014-08-20 00:00:00,2014-08-19 00:00:00
7F25E227-B668-0937-AD56-5A6E10FC1A2F,a@Innecorci.org,2014-08-19 00:00:00,2014-08-20 00:00:00,2014-08-19 00:00:00
5A5203D8-ADF1-F029-6A50-79E88455D037,arcu.Morbi.sit@Praesentinterdum.co.uk,2014-08-19 00:00:00,2014-08-20 00:00:00,2014-08-19 00:00:00
6F5CD929-86E7-0649-3F33-D122BD2712A1,arcu@aliquameros.ca,2014-08-19 00:00:00,2014-08-20 00:00:00,2014-08-19 00:00:00
1A41C89F-D06D-C9DD-F2F8-C1C3430B4B9E,iaculis.nec@sit.net,2014-08-19 00:00:00,2014-08-20 00:00:00,2014-08-19 00:00:00
D6B305A1-C655-1138-9F8C-8650837264FD,sed.facilisis@rhoncus.co.uk,2014-08-19 00:00:00,2014-08-20 00:00:00,2014-08-19 00:00:00
4016FE8B-B037-A219-4C27-FD19490B8E6D,Phasellus@Crasvulputate.edu,2014-08-19 00:00:00,2014-08-20 00:00:00,2014-08-19 00:00:00
AC4D5A31-C4F3-A252-CD9D-5A9C8886907E,eu@euduiCum.org,2014-08-19 00:00:00,2014-08-20 00:00:00,2014-08-19 00:00:00
4F5E44F1-BB76-3012-F680-10FD0F142706,aliquet.nec@dolordolor.ca,2014-08-19 00:00:00,2014-08-20 00:00:00,2014-08-19 00:00:00
E32518D6-48C6-C3F2-2533-5DC8B8E4228C,nunc.sit.amet@faucibusMorbi.ca,2014-08-19 00:00:00,2014-08-20 00:00:00,2014-08-19 00:00:00
FF175512-889E-0518-E538-BB6DC31E525E,et@varius.net,2014-08-19 00:00:00,2014-08-20 00:00:00,2014-08-19 00:00:00
8ACB8FA2-FB1E-1CD5-6526-6C4AA0FCE631,Etiam@necmaurisblandit.edu,2014-08-19 00:00:00,2014-08-20 00:00:00,2014-08-19 00:00:00
0B698BA1-97B2-3590-9E43-8D1D657EA875,ornare.libero@leoCras.net,2014-08-19 00:00:00,2014-08-20 00:00:00,2014-08-19 00:00:00
90B07FC8-78B7-1BC9-F30F-7A70F13AC69B,nunc.sed.libero@utaliquam.org,2014-08-19 00:00:00,2014-08-20 00:00:00,2014-08-19 00:00:00
A7AEF9E7-EC73-F6C5-5073-940B91E4D896,sagittis@mollis.net,2014-08-19 00:00:00,2014-08-20 00:00:00,2014-08-19 00:00:00
BE98CF62-5898-EC5C-D68E-560D0620204D,auctor.odio.a@ultriciesadipiscingenim.ca,2014-08-19 00:00:00,2014-08-20 00:00:00,2014-08-19 00:00:00
1CB13F6C-AC0D-CD15-300C-CC410DC2BABB,dolor.Donec@Nunclectus.edu,2014-08-19 00:00:00,2014-08-20 00:00:00,2014-08-19 00:00:00
8D61FA3B-4E47-7293-2141-35AA57CD2D1F,Etiam.bibendum.fermentum@auguemalesuadamalesuada.ca,2014-08-19 00:00:00,2014-08-20 00:00:00,2014-08-19 00:00:00
8E8DCE7A-C873-D186-A28E-73F7DE70B414,semper.auctor@et.com,2014-08-19 00:00:00,2014-08-20 00:00:00,2014-08-19 00:00:00
2F6FA326-EDC9-9912-BFE3-11233550F3FF,eu@atvelitPellentesque.net,2014-08-19 00:00:00,2014-08-20 00:00:00,2014-08-19 00:00:00
238A167F-C688-3A7B-2B30-3BA5D72F9181,Mauris@erosNam.ca,2014-08-19 00:00:00,2014-08-20 00:00:00,2014-08-19 00:00:00
42E0CF48-5BBC-3DDB-01C3-FF697ED11536,lorem.Donec@Nullam.edu,2014-08-19 00:00:00,2014-08-20 00:00:00,2014-08-19 00:00:00
6A8003C2-DACF-923E-4DA7-B6B4B4FFEF1A,nibh.lacinia@lectusNullamsuscipit.com,2014-08-19 00:00:00,2014-08-20 00:00:00,2014-08-19 00:00:00
06914C6B-CF05-03F0-32E3-3DE10E61C3A3,sit@nec.org,2014-08-19 00:00:00,2014-08-20 00:00:00,2014-08-19 00:00:00
8AFF55D5-1F87-D255-85E8-B60EB55A4244,vulputate.dui@egettinciduntdui.ca,2014-08-19 00:00:00,2014-08-20 00:00:00,2014-08-19 00:00:00
F0702981-F6D9-2D65-5785-62D304A69D25,feugiat.nec@malesuadavelvenenatis.co.uk,2014-08-19 00:00:00,2014-08-20 00:00:00,2014-08-19 00:00:00
272FCADE-7A2D-1CA3-6830-EBC999C14847,aliquet@mollis.ca,2014-08-19 00:00:00,2014-08-20 00:00:00,2014-08-19 00:00:00
6157773B-BEC2-1B9C-89D1-9BFDD5B97796,vitae.aliquet@ultricesVivamus.net,2014-08-19 00:00:00,2014-08-20 00:00:00,2014-08-19 00:00:00
EECD46E9-39F0-87F8-732C-B1D3535D525C,congue.elit@sitamet.ca,2014-08-19 00:00:00,2014-08-20 00:00:00,2014-08-19 00:00:00
EBC79F12-1999-FDCA-1B89-3620F0E0F2B8,morbi.tristique@tortorNunc.net,2014-08-19 00:00:00,2014-08-20 00:00:00,2014-08-19 00:00:00
154FA23A-24A8-DC93-8BAA-9792E0DC2067,Donec@eratnequenon.ca,2014-08-19 00:00:00,2014-08-20 00:00:00,2014-08-19 00:00:00
E018FC63-DA17-0DCB-3A18-3C37EFB02252,adipiscing.enim@justofaucibus.com,2014-08-19 00:00:00,2014-08-20 00:00:00,2014-08-19 00:00:00
81D7E3F9-302D-E6F9-745C-694520723DCF,mi.Duis.risus@lectusconvallis.ca,2014-08-19 00:00:00,2014-08-20 00:00:00,2014-08-19 00:00:00
864704E6-34E5-D4B5-AA4F-CA82D3A49640,ipsum.Suspendisse.non@sempereratin.com,2014-08-19 00:00:00,2014-08-20 00:00:00,2014-08-19 00:00:00
C1C3D699-E671-8E3E-54C5-54193787A02C,vel.lectus.Cum@gravidamaurisut.com,2014-08-19 00:00:00,2014-08-20 00:00:00,2014-08-19 00:00:00
1CDA7125-C6CF-B874-1DA6-4ACABBACB974,nascetur.ridiculus.mus@vehicula.net,2014-08-19 00:00:00,2014-08-20 00:00:00,2014-08-19 00:00:00
D829C993-94F6-7F1C-16C4-C02562D6440A,Ut@Pellentesqueut.ca,2014-08-19 00:00:00,2014-08-20 00:00:00,2014-08-19 00:00:00
C6760528-D3DE-09DC-D8ED-687AEE035264,mauris.sit@consequatnecmollis.ca,2014-08-19 00:00:00,2014-08-20 00:00:00,2014-08-19 00:00:00
88CB58FF-EFEF-E84F-8CA6-EFA54E71150E,pellentesque@vitae.edu,2014-08-19 00:00:00,2014-08-20 00:00:00,2014-08-19 00:00:00
4FB94590-E935-42C3-8A4D-9495294FEEE3,ut@posuereatvelit.net,2014-08-19 00:00:00,2014-08-20 00:00:00,2014-08-19 00:00:00
E34BDAB3-ACE1-6A7F-0B61-FFD90E4BEAB4,sociis.natoque@velfaucibusid.edu,2014-08-19 00:00:00,2014-08-20 00:00:00,2014-08-19 00:00:00
49FE97EA-BE6E-1417-25BD-6652B2EB24E5,inceptos@laciniavitaesodales.co.uk,2014-08-19 00:00:00,2014-08-20 00:00:00,2014-08-19 00:00:00
45DFE700-90C8-8E12-8116-436844AF078F,fames@Nunc.net,2014-08-19 00:00:00,2014-08-20 00:00:00,2014-08-19 00:00:00
BCFCAA99-18D7-5833-FD50-AFE27E7AF1ED,penatibus.et@Seddictum.co.uk,2014-08-19 00:00:00,2014-08-20 00:00:00,2014-08-19 00:00:00
9D2DBE6B-9E6E-C471-BFBF-6651C117EDFC,interdum.enim.non@faucibusut.com,2014-08-19 00:00:00,2014-08-20 00:00:00,2014-08-19 00:00:00